<?xml version="1.0" encoding="UTF-8" ?>
<feedback>
  <report_metadata>
    <org_name>google.com</org_name>
    <email>noreply-dmarc-support@google.com</email>
    <extra_contact_info>https://support.google.com/a/answer/2466580</extra_contact_info>
    <report_id>2394780374960279728</report_id>
    <date_range>
      <begin>1662940800</begin>
      <end>1663027199</end>
    </date_range>
  </report_metadata>
  <policy_published>
    <domain>impact-database.com</domain>
    <adkim>r</adkim>
    <aspf>r</aspf>
    <p>quarantine</p>
    <sp>quarantine</sp>
    <pct>100</pct>
  </policy_published>
  <record>
    <row>
      <source_ip>149.72.40.63</source_ip>
      <count>1</count>
      <policy_evaluated>
        <disposition>quarantine</disposition>
        <dkim>fail</dkim>
        <spf>fail</spf>
      </policy_evaluated>
    </row>
    <identifiers>
      <header_from>impact-database.com</header_from>
    </identifiers>
    <auth_results>
      <dkim>
        <domain>sendgrid.net</domain>
        <result>pass</result>
        <selector>smtpapi</selector>
      </dkim>
      <spf>
        <domain>sendgrid.net</domain>
        <result>pass</result>
      </spf>
    </auth_results>
  </record>
  <record>
    <row>
      <source_ip>50.31.49.42</source_ip>
      <count>1</count>
      <policy_evaluated>
        <disposition>quarantine</disposition>
        <dkim>fail</dkim>
        <spf>fail</spf>
      </policy_evaluated>
    </row>
    <identifiers>
      <header_from>impact-database.com</header_from>
    </identifiers>
    <auth_results>
      <dkim>
        <domain>sendgrid.net</domain>
        <result>pass</result>
        <selector>smtpapi</selector>
      </dkim>
      <spf>
        <domain>sendgrid.net</domain>
        <result>pass</result>
      </spf>
    </auth_results>
  </record>
</feedback>
